DATE,SERIES,OPEN,HIGH,LOW,PREV. CLOSE,LTP,CLOSE,VWAP,52W H,52W L,VOLUME,VALUE,NO. OF  TRADES
13-Apr-2026,EQ,"416.00","424.90","406.80","428.60","423.15","420.70","416.23","850.00","338.15",792292,"32,97,72,543.50",27402
10-Apr-2026,EQ,"425.00","435.95","421.00","423.30","425.85","428.60","430.44","850.00","338.15",993582,"42,76,77,627.60",31013
09-Apr-2026,EQ,"407.00","425.45","403.60","407.20","422.55","423.30","417.97","850.00","338.15",1428855,"59,72,19,881.20",41219
08-Apr-2026,EQ,"395.20","411.50","381.50","374.20","406.10","407.20","398.95","850.00","338.15",3486356,"1,39,08,76,404.35",69378
07-Apr-2026,EQ,"356.00","376.60","354.55","356.95","375.00","374.20","369.04","850.00","338.15",2911561,"1,07,44,92,834.00",73370
06-Apr-2026,EQ,"365.00","365.95","353.75","360.60","359.00","356.95","356.97","850.00","338.15",1192653,"42,57,42,462.60",43464
02-Apr-2026,EQ,"354.90","362.35","348.80","360.05","361.00","360.60","357.07","850.00","338.15",955106,"34,10,39,471.55",32801
01-Apr-2026,EQ,"369.15","370.80","359.10","352.95","359.10","360.05","364.82","850.00","338.15",1018677,"37,16,32,431.05",43216
30-Mar-2026,EQ,"369.00","369.25","350.30","376.70","352.95","352.95","360.48","850.00","338.15",1734290,"62,51,81,698.30",39009
27-Mar-2026,EQ,"374.40","385.50","369.00","382.60","375.00","376.70","379.47","850.00","338.15",2165742,"82,18,44,833.35",42482
25-Mar-2026,EQ,"366.90","398.90","361.65","364.55","382.50","382.60","388.32","850.00","338.15",5852703,"2,27,27,29,494.10",112430
24-Mar-2026,EQ,"354.75","373.60","347.45","347.30","363.95","364.55","365.55","850.00","338.15",2357054,"86,16,13,418.75",58218
23-Mar-2026,EQ,"349.00","351.00","338.15","350.65","349.10","347.30","345.52","850.00","338.15",1172905,"40,52,57,873.70",27263
20-Mar-2026,EQ,"362.00","364.85","350.00","355.20","350.10","350.65","355.17","850.00","343.25",962079,"34,16,97,370.10",26735
19-Mar-2026,EQ,"369.00","370.85","354.00","376.80","358.00","355.20","361.59","850.00","343.25",1145373,"41,41,56,368.20",35328
18-Mar-2026,EQ,"359.80","382.10","357.10","355.25","376.00","376.80","372.79","850.00","343.25",2944184,"1,09,75,67,049.80",80019
17-Mar-2026,EQ,"360.45","361.25","349.25","358.15","356.00","355.25","353.45","850.00","343.25",900435,"31,82,60,680.30",28234
16-Mar-2026,EQ,"353.00","362.10","347.95","353.20","357.70","358.15","352.71","850.00","343.25",1022389,"36,06,10,132.50",35062
13-Mar-2026,EQ,"367.00","368.00","343.25","368.85","354.30","353.20","351.28","850.00","343.25",2897629,"1,01,78,83,973.25",75725
12-Mar-2026,EQ,"380.50","380.60","364.55","380.60","368.95","368.85","370.13","850.00","364.55",1761189,"65,18,72,890.45",41766
11-Mar-2026,EQ,"390.35","392.35","380.00","387.90","381.00","380.60","386.84","850.00","380.00",656537,"25,39,74,321.60",19467
10-Mar-2026,EQ,"388.80","396.15","383.15","384.10","387.90","387.90","389.78","850.00","381.25",968445,"37,74,81,898.75",25057
09-Mar-2026,EQ,"400.00","400.25","381.25","406.35","385.00","384.10","387.36","850.00","381.25",1087207,"42,11,40,213.50",34464
06-Mar-2026,EQ,"410.40","412.70","404.05","408.05","404.90","406.35","408.51","850.00","398.00",464616,"18,97,99,581.90",14933
05-Mar-2026,EQ,"401.85","415.00","400.15","399.45","409.25","408.05","404.00","850.00","398.00",760071,"30,70,72,459.85",38512
04-Mar-2026,EQ,"400.25","406.50","398.00","407.80","399.50","399.45","401.24","850.00","398.00",811467,"32,55,89,685.95",30372
02-Mar-2026,EQ,"402.00","410.00","399.00","417.15","408.60","407.80","405.56","850.00","399.00",618806,"25,09,62,294.70",22219
27-Feb-2026,EQ,"422.05","424.00","416.00","423.60","416.90","417.15","418.13","850.00","416.00",1013333,"42,37,06,889.90",34892
26-Feb-2026,EQ,"426.35","434.60","421.40","426.35","424.00","423.60","425.87","850.00","420.55",788589,"33,58,32,616.40",30850
25-Feb-2026,EQ,"426.00","429.30","423.55","426.15","425.15","426.35","426.34","850.00","420.55",1217294,"51,89,77,320.25",19276
24-Feb-2026,EQ,"435.00","435.00","424.50","435.35","426.90","426.15","428.28","850.00","420.55",1184506,"50,72,97,292.40",25128
23-Feb-2026,EQ,"444.95","448.40","433.05","439.70","435.00","435.35","437.87","850.00","420.55",658403,"28,82,92,709.70",25462
20-Feb-2026,EQ,"443.00","447.90","437.25","443.35","438.50","439.70","441.98","850.00","420.55",481546,"21,28,34,702.15",14414
19-Feb-2026,EQ,"442.00","448.25","434.55","439.30","443.00","443.35","441.69","850.00","420.55",853797,"37,71,09,741.05",20738
18-Feb-2026,EQ,"449.00","453.00","437.75","445.55","438.00","439.30","443.11","850.00","420.55",799885,"35,44,34,581.20",20135
17-Feb-2026,EQ,"441.35","447.95","436.50","441.10","446.90","445.55","443.78","850.00","420.55",1160045,"51,48,10,219.45",26046
16-Feb-2026,EQ,"440.00","442.70","433.00","440.00","442.70","441.10","438.45","850.00","420.55",567505,"24,88,22,857.75",15642
13-Feb-2026,EQ,"440.20","445.50","432.05","440.30","439.90","440.00","439.57","850.00","420.55",874806,"38,45,41,683.35",26469
12-Feb-2026,EQ,"435.00","455.90","431.15","432.25","442.00","440.30","447.57","850.00","420.55",5902414,"2,64,17,64,060.45",109463
11-Feb-2026,EQ,"440.00","441.25","426.00","440.00","436.90","432.25","430.51","850.00","420.55",4202483,"1,80,92,18,473.10",64421
10-Feb-2026,EQ,"442.80","445.50","438.00","440.45","440.00","440.00","441.92","850.00","420.55",1355628,"59,90,84,273.30",27495
09-Feb-2026,EQ,"450.00","455.95","439.00","450.50","440.00","440.45","446.39","850.00","420.55",2164034,"96,60,11,712.05",45162
06-Feb-2026,EQ,"447.95","452.75","440.00","447.95","451.80","450.50","445.94","850.00","420.55",615352,"27,44,10,611.60",18359
05-Feb-2026,EQ,"461.60","461.60","438.90","461.60","446.80","447.95","446.30","850.00","420.55",2002854,"89,38,73,419.55",78980
04-Feb-2026,EQ,"450.00","466.65","441.80","448.75","461.20","461.60","454.02","850.00","420.55",1226565,"55,68,87,060.30",37816
03-Feb-2026,EQ,"463.00","463.15","446.65","440.45","448.70","448.75","452.90","850.00","420.55",1801990,"81,61,25,145.80",48386
02-Feb-2026,EQ,"450.95","452.50","420.55","454.25","441.00","440.45","433.36","850.00","420.55",2204687,"95,54,25,272.05",62403
01-Feb-2026,EQ,"458.25","467.70","445.85","455.95","455.00","454.25","458.48","850.00","435.05",570433,"26,15,33,306.10",18572
30-Jan-2026,EQ,"444.00","474.00","436.45","443.55","455.90","455.95","459.89","850.00","435.05",4249329,"1,95,42,06,145.30",71732
29-Jan-2026,EQ,"490.00","501.40","435.05","501.30","450.20","443.55","455.25","850.00","435.05",11995087,"5,46,07,79,523.55",185904
28-Jan-2026,EQ,"515.75","517.10","496.05","512.70","503.55","501.30","506.10","850.00","496.05",898488,"45,47,26,332.80",30714
27-Jan-2026,EQ,"512.85","516.95","504.30","512.70","516.95","512.70","510.25","850.00","498.95",424731,"21,67,16,951.60",18160
23-Jan-2026,EQ,"516.85","520.60","507.65","514.20","511.95","512.70","510.93","850.00","498.95",368658,"18,83,58,131.65",12137
22-Jan-2026,EQ,"526.00","526.00","511.10","517.15","515.00","514.20","518.98","850.00","498.95",717271,"37,22,48,741.35",26035
21-Jan-2026,EQ,"506.65","520.00","504.80","509.85","517.00","517.15","511.56","850.00","498.95",677292,"34,64,78,035.50",24767
20-Jan-2026,EQ,"506.35","516.00","500.20","506.35","510.25","509.85","510.55","850.00","498.95",1406900,"71,82,92,465.90",28327
19-Jan-2026,EQ,"513.55","513.55","504.10","515.60","505.95","506.35","507.31","850.00","498.95",529722,"26,87,35,774.75",23383
16-Jan-2026,EQ,"515.00","521.55","513.70","513.45","515.55","515.60","517.84","850.00","498.95",469132,"24,29,36,610.75",15249
14-Jan-2026,EQ,"515.45","518.80","512.50","518.20","513.10","513.45","516.13","850.00","498.95",451329,"23,29,46,553.75",10931
13-Jan-2026,EQ,"507.20","519.90","504.20","507.15","517.60","518.20","514.61","850.00","498.95",676054,"34,79,03,397.25",21131
12-Jan-2026,EQ,"508.95","510.00","498.95","507.60","507.20","507.15","504.25","850.00","498.95",456608,"23,02,46,706.55",22019
09-Jan-2026,EQ,"516.70","519.00","506.00","516.65","508.15","507.60","510.70","850.00","501.00",510787,"26,08,56,859.95",21210
08-Jan-2026,EQ,"532.00","533.00","515.00","531.90","516.15","516.65","521.55","850.00","501.00",689064,"35,93,79,454.20",23298
07-Jan-2026,EQ,"534.95","537.20","527.25","535.70","531.50","531.90","531.92","850.00","501.00",477618,"25,40,53,999.80",23986
06-Jan-2026,EQ,"532.00","543.25","524.75","530.05","535.00","535.70","532.33","850.00","501.00",1332902,"70,95,49,418.10",33233
05-Jan-2026,EQ,"533.85","534.95","526.50","532.25","532.00","530.05","529.81","850.00","501.00",659238,"34,92,67,673.00",33625
02-Jan-2026,EQ,"534.00","538.55","527.25","534.35","532.00","532.25","532.37","850.00","501.00",907264,"48,29,96,047.25",28989
01-Jan-2026,EQ,"543.55","548.85","532.45","545.35","536.00","534.35","537.45","850.00","501.00",575696,"30,94,05,659.85",25677
31-Dec-2025,EQ,"541.65","552.25","540.50","539.90","542.90","545.35","545.55","850.00","501.00",719631,"39,25,91,750.45",22740
30-Dec-2025,EQ,"544.00","548.15","531.35","541.60","540.45","539.90","537.69","850.00","501.00",746341,"40,13,00,475.70",27773
29-Dec-2025,EQ,"555.00","557.90","540.00","552.70","541.40","541.60","544.80","850.00","501.00",429267,"23,38,64,911.25",15217
26-Dec-2025,EQ,"560.40","561.85","551.30","558.40","552.25","552.70","554.29","850.00","501.00",383723,"21,26,94,684.40",11298
24-Dec-2025,EQ,"561.00","564.45","557.00","563.85","558.70","558.40","560.30","850.00","501.00",521376,"29,21,26,745.10",17535
23-Dec-2025,EQ,"565.00","577.70","558.35","560.75","561.50","563.85","567.48","850.00","501.00",1304476,"74,02,70,481.35",35875
22-Dec-2025,EQ,"575.05","577.90","551.15","569.90","560.15","560.75","560.99","850.00","501.00",1388633,"77,90,13,809.10",33791
19-Dec-2025,EQ,"587.90","590.00","568.35","590.05","570.30","569.90","576.91","850.00","501.00",813666,"46,94,15,714.60",24303
18-Dec-2025,EQ,"589.95","594.80","585.45","589.95","590.40","590.05","589.91","850.00","501.00",407917,"24,06,33,905.55",16028
17-Dec-2025,EQ,"590.00","593.95","577.40","591.55","590.20","589.95","587.66","850.00","501.00",1074425,"63,13,94,177.05",39128
16-Dec-2025,EQ,"573.00","606.90","570.10","575.15","590.00","591.55","593.62","850.00","501.00",4366164,"2,59,18,55,538.75",116419
15-Dec-2025,EQ,"566.80","582.80","564.20","567.10","574.60","575.15","574.85","850.00","501.00",1221817,"70,23,56,626.80",35259
12-Dec-2025,EQ,"567.75","569.30","560.35","567.70","568.00","567.10","564.77","850.00","501.00",961184,"54,28,52,105.30",22142
11-Dec-2025,EQ,"565.80","570.00","556.70","565.80","569.00","567.70","561.03","850.00","501.00",565833,"31,74,48,694.10",23837
10-Dec-2025,EQ,"576.85","581.20","561.20","578.40","565.05","565.80","569.62","850.00","501.00",1278729,"72,83,89,281.90",29878
09-Dec-2025,EQ,"570.00","582.30","561.40","572.30","577.55","578.40","571.26","850.00","501.00",596896,"34,09,85,707.65",20626
08-Dec-2025,EQ,"582.05","586.70","568.80","580.65","573.00","572.30","574.01","850.00","501.00",499933,"28,69,68,496.00",23590
05-Dec-2025,EQ,"589.95","590.05","565.70","589.95","581.00","580.65","577.54","850.00","501.00",1201485,"69,39,10,739.75",41210
04-Dec-2025,EQ,"573.00","596.00","566.50","573.45","591.00","589.95","584.08","850.00","501.00",2163890,"1,26,38,78,590.20",41662
03-Dec-2025,EQ,"586.30","587.35","569.70","584.25","573.00","573.45","572.86","850.00","501.00",862376,"49,40,20,536.30",26809
02-Dec-2025,EQ,"588.10","588.50","579.10","585.95","584.00","584.25","583.41","850.00","501.00",379598,"22,14,62,613.80",13331
01-Dec-2025,EQ,"593.00","598.05","582.15","590.90","586.95","585.95","588.17","850.00","501.00",921296,"54,18,78,044.95",17830
28-Nov-2025,EQ,"592.00","624.40","587.35","589.70","589.45","590.90","606.06","850.00","501.00",7319278,"4,43,59,14,953.70",151195
27-Nov-2025,EQ,"605.00","605.20","587.00","605.00","592.00","589.70","592.00","850.00","501.00",1977048,"1,17,04,16,706.80",41783
26-Nov-2025,EQ,"605.05","617.60","602.50","605.95","604.00","605.00","607.34","850.00","501.00",973062,"59,09,79,136.30",31602
25-Nov-2025,EQ,"614.60","614.60","597.50","615.45","602.20","605.95","604.19","850.00","501.00",827644,"50,00,55,405.65",27593
24-Nov-2025,EQ,"622.40","634.85","610.20","619.40","611.20","615.45","622.64","850.00","501.00",2318513,"1,44,35,96,775.95",47789
21-Nov-2025,EQ,"593.50","623.00","583.25","593.50","619.00","619.40","609.82","850.00","501.00",4342518,"2,64,81,60,666.85",94946
20-Nov-2025,EQ,"609.35","610.60","590.95","609.70","594.65","593.50","599.64","850.00","501.00",719468,"43,14,21,470.15",23921
19-Nov-2025,EQ,"627.50","628.90","605.55","623.95","606.00","609.70","612.98","850.00","501.00",753644,"46,19,68,292.85",27407
18-Nov-2025,EQ,"636.25","636.35","621.30","631.70","622.40","623.95","624.80","850.00","501.00",702712,"43,90,52,267.45",27705
17-Nov-2025,EQ,"645.20","647.00","627.05","643.90","634.00","631.70","633.34","850.00","501.00",856453,"54,24,23,138.50",33377
14-Nov-2025,EQ,"639.15","652.50","636.10","642.35","641.85","643.90","647.14","850.00","501.00",898586,"58,15,13,916.65",21975
13-Nov-2025,EQ,"617.00","646.90","615.95","615.00","641.00","642.35","636.86","850.00","501.00",1941026,"1,23,61,58,945.00",48036
12-Nov-2025,EQ,"625.30","626.40","608.70","625.25","615.80","615.00","617.26","850.00","501.00",1065845,"65,79,08,669.25",25448
11-Nov-2025,EQ,"640.00","642.60","622.30","634.30","622.65","625.25","627.67","850.00","501.00",424176,"26,62,41,460.45",12842
10-Nov-2025,EQ,"646.10","646.70","631.00","646.10","632.95","634.30","635.84","850.00","501.00",654707,"41,62,86,927.40",19335
07-Nov-2025,EQ,"620.00","656.75","617.15","624.30","642.30","646.10","646.27","850.00","501.00",3066914,"1,98,20,61,984.00",77831
06-Nov-2025,EQ,"645.05","645.10","617.00","649.20","622.20","624.30","627.42","850.00","501.00",1854511,"1,16,35,66,016.55",47405
04-Nov-2025,EQ,"655.00","657.70","633.50","660.00","651.00","649.20","646.64","850.00","501.00",1830100,"1,18,34,21,917.40",42741
03-Nov-2025,EQ,"640.00","664.50","640.00","652.75","660.00","660.00","655.33","850.00","501.00",2326067,"1,52,43,40,773.25",48296
31-Oct-2025,EQ,"630.00","666.00","618.30","642.75","651.10","652.75","651.19","888.80","501.00",15831741,"10,30,94,22,176.65",249204
30-Oct-2025,EQ,"606.00","659.90","606.00","605.05","637.00","642.75","641.76","888.80","501.00",33255155,"21,34,17,92,333.15",523897
29-Oct-2025,EQ,"539.00","621.65","528.25","537.05","608.10","605.05","587.86","888.80","501.00",18706743,"10,99,69,69,092.65",354435
28-Oct-2025,EQ,"529.95","543.95","527.25","528.60","537.05","537.05","535.59","888.80","501.00",947922,"50,76,96,311.45",24472
27-Oct-2025,EQ,"540.00","540.00","525.50","537.00","528.95","528.60","532.34","888.80","501.00",587800,"31,29,08,892.95",14894
24-Oct-2025,EQ,"536.95","541.00","532.15","536.95","535.50","537.00","536.99","943.75","501.00",442845,"23,78,04,912.70",13025
23-Oct-2025,EQ,"540.00","542.00","531.00","535.95","535.00","536.95","538.83","943.75","501.00",1136735,"61,25,06,073.55",19320
21-Oct-2025,EQ,"534.30","538.60","531.00","531.65","535.80","535.95","535.70","943.75","501.00",124426,"6,66,55,050.70",3775
20-Oct-2025,EQ,"529.90","544.00","524.75","527.60","530.45","531.65","534.04","943.75","501.00",1090233,"58,22,22,905.60",23637
17-Oct-2025,EQ,"533.95","534.45","522.00","533.40","528.00","527.60","526.24","943.75","501.00",481863,"25,35,76,106.45",17181
16-Oct-2025,EQ,"535.00","536.20","528.55","528.55","533.00","533.40","532.15","943.75","501.00",559765,"29,78,79,242.00",11983
15-Oct-2025,EQ,"517.85","533.40","517.85","514.90","530.00","528.55","527.43","943.75","501.00",1283295,"67,68,46,027.80",31567
14-Oct-2025,EQ,"527.00","528.20","513.50","524.40","514.00","514.90","517.98","943.75","501.00",376505,"19,50,23,892.80",12670